order,category,tag,tier,term,freq,note
1,法令・制度,区分所有法,A,専有部分,135,
2,法令・制度,区分所有法,A,共用部分,153,
3,法令・制度,区分所有法,A,法定共用部分,13,
4,法令・制度,区分所有法,A,規約共用部分,10,
5,法令・制度,区分所有法,A,一部共用部分,15,
6,法令・制度,区分所有法,A,区分所有者,169,
7,法令・制度,区分所有法,A,区分所有権,10,
8,法令・制度,区分所有法,A,区分建物,26,
9,法令・制度,区分所有法,A,敷地,44,
10,法令・制度,区分所有法,A,敷地利用権,30,
11,法令・制度,区分所有法,A,分離処分の禁止,21,
12,法令・制度,区分所有法,A,規約,224,
13,法令・制度,区分所有法,A,集会,90,
14,法令・制度,区分所有法,A,議決権,78,
15,法令・制度,区分所有法,A,普通決議,18,
16,法令・制度,区分所有法,A,特別多数決議,29,
17,法令・制度,区分所有法,A,集会の招集,90,
18,法令・制度,区分所有法,A,招集通知,25,
19,法令・制度,区分所有法,A,議事録,20,
20,法令・制度,区分所有法,A,管理者,131,
21,法令・制度,区分所有法,A,管理組合,193,
22,法令・制度,区分所有法,A,管理組合法人,28,
23,法令・制度,区分所有法,A,総会,80,
24,法令・制度,区分所有法,A,通常総会,14,
25,法令・制度,区分所有法,A,臨時総会,4,
26,法令・制度,区分所有法,A,共同利益違反行為,40,
27,法令・制度,区分所有法,A,行為停止請求,104,
28,法令・制度,区分所有法,A,使用禁止請求,13,
29,法令・制度,区分所有法,A,競売請求,17,
30,法令・制度,区分所有法,A,占有者に対する引渡請求,104,
31,法令・制度,区分所有法,A,復旧,19,
32,法令・制度,区分所有法,A,大規模滅失,10,
33,法令・制度,区分所有法,A,建替え決議,164,
34,法令・制度,区分所有法,A,建替え承認決議,164,
35,法令・制度,区分所有法,A,売渡請求権,2,
36,法令・制度,区分所有法,A,規約の設定・変更・廃止,224,
37,法令・制度,区分所有法,A,義務違反者に対する措置,32,
38,法令・制度,区分所有法,A,団地管理組合,22,
39,法令・制度,区分所有法,A,団地共用部分,15,
40,法令・制度,区分所有法,A,棟総会,17,
41,法令・制度,区分所有法,B,共有持分,4,
42,法令・制度,区分所有法,B,持分割合,13,
43,法令・制度,区分所有法,B,保存行為,26,
44,法令・制度,区分所有法,B,管理行為,140,
45,法令・制度,区分所有法,B,変更行為,75,
46,法令・制度,区分所有法,B,軽微変更,7,
47,法令・制度,区分所有法,B,重大変更,75,
48,法令・制度,区分所有法,B,公正証書による規約設定,224,
49,法令・制度,区分所有法,B,公正証書原始規約,224,
50,法令・制度,区分所有法,B,代理人,28,
51,法令・制度,区分所有法,B,区分所有者全員の書面合意,169,
52,法令・制度,区分所有法,B,電磁的方法による議決権行使,78,
53,法令・制度,区分所有法,B,議決権行使書,13,
54,法令・制度,区分所有法,B,委任状,6,
55,法令・制度,区分所有法,B,議長,13,
56,法令・制度,区分所有法,B,議事録への署名,20,
57,法令・制度,区分所有法,B,規約原本,224,
58,法令・制度,区分所有法,B,規約の閲覧,224,
59,法令・制度,区分所有法,B,区分所有者全員の同意,169,
60,法令・制度,区分所有法,B,招集権者,31,
61,法令・制度,区分所有法,B,招集通知の発出期間,34,
62,法令・制度,区分所有法,B,集会の議題,90,
63,法令・制度,区分所有法,B,区分所有者及び議決権,169,
64,法令・制度,区分所有法,B,共用部分の変更,153,
65,法令・制度,区分所有法,B,共用部分の管理,153,
66,法令・制度,区分所有法,B,共用部分の保存行為,153,
67,法令・制度,区分所有法,B,共用部分の費用負担,153,
68,法令・制度,区分所有法,B,復旧決議,11,
69,法令・制度,区分所有法,B,義務違反者,32,
70,法令・制度,区分所有法,B,区分所有関係の終了,117,
71,法令・制度,区分所有法,B,規約による別段の定め,224,
72,法令・制度,区分所有法,B,団地建物所有者,7,
73,法令・制度,区分所有法,B,団地特有事項,15,
74,法令・制度,区分所有法,B,棟別管理,7,
75,法令・制度,区分所有法,B,一括建替え決議,164,
76,法令・制度,区分所有法,B,団地内建物の一括建替え,192,
77,法令・制度,区分所有法,B,団地共用部分の管理,153,
78,法令・制度,区分所有法,B,管理所有,12,
79,法令・制度,区分所有法,B,規約共用部分の登記,224,
80,法令・制度,区分所有法,B,占有者,38,
81,法令・制度,区分所有法,C,抵当権の設定,38,
82,法令・制度,区分所有法,C,数個に分かれた専有部分,135,
83,法令・制度,区分所有法,C,一括して譲渡,20,
84,法令・制度,区分所有法,C,専有部分の用途制限,135,
85,法令・制度,区分所有法,C,規約による禁止事項,224,
86,法令・制度,区分所有法,C,規約変更の特別の影響,224,
87,法令・制度,区分所有法,C,規約の効力範囲,224,
88,法令・制度,区分所有法,C,団地建替え承認決議,164,
89,法令・制度,区分所有法,C,棟ごとの建替え決議,164,
90,法令・制度,区分所有法,C,区分所有関係の解消,117,
91,法令・制度,区分所有法,C,規約の遡及効,224,
92,法令・制度,区分所有法,C,規約改正手続,224,
93,法令・制度,区分所有法,C,標準管理規約との関係,224,
94,法令・制度,区分所有法,C,管理組合の権利能力,193,
95,法令・制度,区分所有法,C,集会の延期・続行,90,
96,法令・制度,区分所有法,C,区分所有者の責任範囲,169,
97,法令・制度,区分所有法,C,規約による役員資格制限,224,
98,法令・制度,区分所有法,C,管理者の不法行為責任,140,
99,法令・制度,区分所有法,C,管理者の代理権,140,
100,法令・制度,区分所有法,C,団地全体の合意形成,20,
101,法令・制度,標準管理規約_単棟,A,専有部分の範囲,135,
102,法令・制度,標準管理規約_単棟,A,共用部分の範囲,153,
103,法令・制度,標準管理規約_単棟,A,敷地及び共用部分等の共有,153,
104,法令・制度,標準管理規約_単棟,A,議決権割合,4,
105,法令・制度,標準管理規約_単棟,A,専門委員会,4,
106,法令・制度,標準管理規約_単棟,A,修繕積立金,69,
107,法令・制度,標準管理規約_単棟,A,修繕積立金の取崩し,69,
108,法令・制度,標準管理規約_単棟,A,駐車場使用契約,3,
109,法令・制度,標準管理規約_単棟,A,ペット飼育,4,
110,法令・制度,標準管理規約_単棟,A,緊急時の立入権,7,
111,法令・制度,標準管理規約_単棟,A,専有部分の修繕等,135,
112,法令・制度,標準管理規約_単棟,A,修繕等の届出,17,
113,法令・制度,標準管理規約_単棟,A,管理組合員資格,193,
114,法令・制度,標準管理規約_単棟,A,役員の任期,27,
115,法令・制度,標準管理規約_単棟,A,監事の職務,51,
116,法令・制度,標準管理規約_単棟,A,総会の招集,80,
117,法令・制度,標準管理規約_単棟,A,議事録署名人,20,
118,法令・制度,標準管理規約_単棟,A,会計年度,32,
119,法令・制度,標準管理規約_単棟,A,滞納者への措置,15,
120,法令・制度,標準管理規約_単棟,A,管理規約の変更手続,224,
121,法令・制度,標準管理規約_単棟,B,敷地及び共用部分等の持分,153,
122,法令・制度,標準管理規約_単棟,B,専有部分の使用方法,135,
123,法令・制度,標準管理規約_単棟,B,役員資格,3,
124,法令・制度,標準管理規約_単棟,B,理事会の運営,68,
125,法令・制度,標準管理規約_単棟,B,議決権の行使方法,78,
126,法令・制度,標準管理規約_単棟,B,会計報告,36,
127,法令・制度,標準管理規約_単棟,B,細則の設定・変更,75,
128,法令・制度,標準管理規約_単棟,B,標準管理規約コメント,224,
129,法令・制度,標準管理規約_単棟,B,暴力団等の排除,5,
130,法令・制度,標準管理規約_単棟,B,共同の利益違反,24,
131,法令・制度,標準管理規約_団地,B,団地総会,17,
132,法令・制度,標準管理規約_団地,B,団地修繕積立金,11,
133,法令・制度,標準管理規約_団地,B,各棟修繕積立金,6,
134,法令・制度,標準管理規約_団地,B,団地共用部分の修繕,153,
135,法令・制度,標準管理規約_団地,B,棟ごとの建替え決議の取扱い,164,
136,法令・制度,標準管理規約_団地,B,団地全体の議決,20,
137,法令・制度,標準管理規約_団地,B,団地内駐車場の使用権,78,
138,法令・制度,標準管理規約_団地,B,団地役員構成,45,
139,法令・制度,標準管理規約_団地,B,団地管理規約,3,
140,法令・制度,標準管理規約_複合用途,B,住宅一部共用部分,2,
141,法令・制度,標準管理規約_複合用途,B,店舗一部共用部分,153,
142,法令・制度,標準管理規約_複合用途,B,全体管理費,140,
143,法令・制度,標準管理規約_複合用途,B,住宅一部管理費,140,
144,法令・制度,標準管理規約_複合用途,B,店舗一部管理費,140,
145,法令・制度,標準管理規約_複合用途,B,一部共用部分の管理組合,193,
146,法令・制度,標準管理規約_複合用途,B,用途別議決権,78,
147,法令・制度,標準管理規約_複合用途,B,用途別費用区分,50,
148,法令・制度,標準管理規約_複合用途,B,複合用途型コメント,39,
149,法令・制度,標準管理規約_複合用途,B,全体管理組合,193,
150,法令・制度,標準管理規約_複合用途,B,棟内住宅・店舗の権利関係,117,
151,法令・制度,民法,A,共有,29,
152,法令・制度,民法,A,共有物分割,29,
153,法令・制度,民法,A,抵当権,19,
154,法令・制度,民法,A,賃貸借,8,
155,法令・制度,民法,A,請負契約,10,
156,法令・制度,民法,A,契約不適合責任,33,
157,法令・制度,民法,A,不法行為,6,
158,法令・制度,民法,A,工作物責任,10,
159,法令・制度,民法,A,時効,19,
160,法令・制度,民法,A,消滅時効,4,
161,法令・制度,民法,A,取得時効,31,
162,法令・制度,民法,A,無効,14,
163,法令・制度,民法,A,取消,14,
164,法令・制度,民法,A,無権代理,13,
165,法令・制度,民法,A,代理権,12,
166,法令・制度,民法,A,対抗要件,13,
167,法令・制度,民法,A,配偶者居住権,11,
168,法令・制度,民法,A,相続,11,
169,法令・制度,民法,B,共有持分の処分,33,
170,法令・制度,民法,B,共有物の使用,78,
171,法令・制度,民法,B,根抵当権,19,
172,法令・制度,民法,B,賃借権の登記,93,
173,法令・制度,民法,B,敷金,7,
174,法令・制度,民法,B,賃借権の譲渡,23,
175,法令・制度,民法,B,転貸,18,
176,法令・制度,民法,B,注文者の責任,25,
177,法令・制度,民法,B,善意の第三者,45,
178,法令・制度,民法,B,詐欺・強迫による意思表示,21,
179,法令・制度,民法,B,相続放棄,11,
180,法令・制度,民法,B,遺産分割,12,
181,法令・制度,適正化法,A,マンション管理士,400,
182,法令・制度,適正化法,A,マンション管理業者,400,
183,法令・制度,適正化法,A,管理業務主任者,40,
184,法令・制度,適正化法,A,管理業務主任者証,11,
185,法令・制度,適正化法,A,重要事項説明,16,
186,法令・制度,適正化法,A,重要事項説明書,243,
187,法令・制度,適正化法,A,管理受託契約,15,
188,法令・制度,適正化法,A,契約成立時の書面交付,55,
189,法令・制度,適正化法,A,財産分別管理,140,
190,法令・制度,適正化法,A,修繕積立金等の保管,69,
191,法令・制度,適正化法,A,管理計画認定制度,6,
192,法令・制度,適正化法,A,認定基準,15,
193,法令・制度,適正化法,A,基本方針,30,
194,法令・制度,適正化法,B,収納口座,2,
195,法令・制度,適正化法,B,保管口座,3,
196,法令・制度,適正化法,B,印鑑保管,25,
197,法令・制度,適正化法,B,業務管理者,140,
198,法令・制度,適正化法,B,業務処理の原則,40,
199,法令・制度,適正化法,B,帳簿の作成・保存,29,
200,法令・制度,適正化法,B,標識の掲示,7,
201,法令・制度,適正化法,B,立入検査,16,
202,法令・制度,適正化法,B,勧告・指導・命令,6,
203,法令・制度,適正化法,B,登録制度,8,
204,法令・制度,適正化法,B,認定の更新,26,
205,法令・制度,適正化法,B,認定の取消,26,
206,法令・制度,適正化法,B,国土交通大臣,7,
207,法令・制度,適正化法,B,都道府県知事,7,
208,法令・制度,適正化法,B,秘密保持義務,7,
209,法令・制度,適正化法,B,管理適正化推進センター,140,
210,法令・制度,適正化法,B,登録の更新,34,
211,法令・制度,関連法令,B,借地借家法,4,
212,法令・制度,関連法令,B,借地権,2,
213,法令・制度,関連法令,B,普通借地権,0,
214,法令・制度,関連法令,B,定期借地権,6,
215,法令・制度,関連法令,B,不動産登記法,7,
216,法令・制度,関連法令,B,表題部,7,
217,法令・制度,関連法令,B,表題登記,7,
218,法令・制度,関連法令,B,区分建物の登記,192,
219,法令・制度,関連法令,B,敷地権,22,
220,法令・制度,関連法令,B,建替え円滑化法,106,
221,法令・制度,関連法令,B,マンション建替組合,400,
222,法令・制度,関連法令,B,権利変換計画,8,
223,法令・制度,関連法令,B,売渡請求,4,
224,法令・制度,関連法令,B,被災マンション法,400,
225,法令・制度,関連法令,B,被災区分所有法,4,
226,法令・制度,関連法令,B,住宅品確法,10,
227,法令・制度,関連法令,B,住宅性能評価,10,
228,法令・制度,関連法令,C,借家権,0,
229,法令・制度,関連法令,C,建替え組合の認可,106,
230,法令・制度,関連法令,C,住宅金融支援機構,10,
231,契約・実務,管理組合運営,A,理事会,68,
232,契約・実務,管理組合運営,A,理事会決議,15,
233,契約・実務,管理組合運営,A,監事の監査,51,
234,契約・実務,管理組合運営,A,監事の出席権,51,
235,契約・実務,管理組合運営,A,出席資格,30,
236,契約・実務,管理組合運営,A,書面決議,5,
237,契約・実務,管理組合運営,A,議題,0,
238,契約・実務,管理組合運営,A,議案,18,
239,契約・実務,管理組合運営,A,役員の選任,52,
240,契約・実務,管理組合運営,A,役員の解任,27,
241,契約・実務,管理組合運営,A,議決定足数,7,
242,契約・実務,管理組合運営,A,出席定足数,30,
243,契約・実務,管理組合運営,A,議事進行,6,
244,契約・実務,管理組合運営,A,議長選任,52,
245,契約・実務,管理組合運営,A,委任状の取扱い,11,
246,契約・実務,管理組合運営,B,議決権行使書の取扱い,78,
247,契約・実務,管理組合運営,B,役員報酬,27,
248,契約・実務,管理組合運営,B,役員の補欠,27,
249,契約・実務,管理組合運営,B,役員候補,27,
250,契約・実務,管理組合運営,B,専門委員会の設置,62,
251,契約・実務,管理組合運営,B,監事の同席義務,51,
252,契約・実務,管理組合運営,B,議決方法,25,
253,契約・実務,管理組合運営,B,普通決議の要件,164,
254,契約・実務,管理組合運営,B,特別決議の要件,164,
255,契約・実務,管理組合運営,B,理事の代理出席,58,
256,契約・実務,管理組合運営,B,副理事長,7,
257,契約・実務,管理組合運営,B,会議体,27,
258,契約・実務,管理組合運営,B,役員資格制限,29,
259,契約・実務,管理組合運営,B,役員の高齢化対応,27,
260,契約・実務,管理組合運営,B,外部役員制度,43,
261,契約・実務,管理組合運営,B,議決権の代理行使,78,
262,契約・実務,管理組合運営,B,監事の選任,52,
263,契約・実務,標準管理委託契約書,A,事務管理業務,140,
264,契約・実務,標準管理委託契約書,A,管理員業務,140,
265,契約・実務,標準管理委託契約書,A,清掃業務,40,
266,契約・実務,標準管理委託契約書,A,建物・設備管理業務,192,
267,契約・実務,標準管理委託契約書,A,緊急時の応急処置,7,
268,契約・実務,標準管理委託契約書,A,再委託,8,
269,契約・実務,標準管理委託契約書,A,委託契約の更新,33,
270,契約・実務,標準管理委託契約書,A,管理委託契約の重要事項説明,243,
271,契約・実務,標準管理委託契約書,A,管理事務報告,6,
272,契約・実務,標準管理委託契約書,A,契約締結時の書面交付,55,
273,契約・実務,標準管理委託契約書,B,業務処理基準,40,
274,契約・実務,標準管理委託契約書,B,業務報告書,40,
275,契約・実務,標準管理委託契約書,B,個人情報の取扱い,13,
276,契約・実務,標準管理委託契約書,B,守秘義務,32,
277,契約・実務,標準管理委託契約書,B,損害賠償条項,14,
278,契約・実務,標準管理委託契約書,B,暴力団排除条項,5,
279,契約・実務,標準管理委託契約書,B,契約の解約,33,
280,契約・実務,標準管理委託契約書,B,業務水準,40,
281,契約・実務,標準管理委託契約書,B,重要事項説明者,243,
282,契約・実務,標準管理委託契約書,B,危険負担,31,
283,契約・実務,標準管理委託契約書,B,管理員業務時間,140,
284,契約・実務,会計,A,管理費会計,9,
285,契約・実務,会計,A,修繕積立金会計,7,
286,契約・実務,会計,A,区分経理,17,
287,契約・実務,会計,A,収支予算,2,
288,契約・実務,会計,A,収支決算,9,
289,契約・実務,会計,A,貸借対照表,2,
290,契約・実務,会計,A,発生主義,11,
291,契約・実務,会計,A,仕訳,16,
292,契約・実務,会計,A,未収金,24,
293,契約・実務,会計,A,未払金,14,
294,契約・実務,会計,A,前受金,12,
295,契約・実務,会計,A,前払金,8,
296,契約・実務,会計,A,正味財産,22,
297,契約・実務,会計,A,滞納処理,19,
298,契約・実務,会計,A,督促,0,
299,契約・実務,会計,B,現金主義,3,
300,契約・実務,会計,B,借方・貸方,13,
301,契約・実務,会計,B,少額訴訟,7,
302,契約・実務,会計,B,法定利率,7,
303,契約・実務,会計,B,遅延損害金,5,
304,契約・実務,税務,B,消費税,16,
305,契約・実務,税務,B,収益事業,6,
306,契約・実務,税務,B,法人税,5,
307,契約・実務,税務,B,源泉徴収,10,
308,契約・実務,税務,B,法定調書,9,
309,契約・実務,長期修繕計画,A,長期修繕計画,84,
310,契約・実務,長期修繕計画,A,計画期間,9,
311,契約・実務,長期修繕計画,A,推定修繕工事費,2,
312,契約・実務,長期修繕計画,A,修繕周期,17,
313,契約・実務,長期修繕計画,A,修繕積立基金,17,
314,契約・実務,長期修繕計画,A,段階増額積立方式,13,
315,契約・実務,長期修繕計画,A,均等積立方式,3,
316,契約・実務,長期修繕計画,A,長期修繕計画ガイドライン,84,
317,契約・実務,長期修繕計画,A,修繕積立金ガイドライン,69,
318,契約・実務,大規模修繕,A,大規模修繕工事,20,
319,契約・実務,大規模修繕,A,設計監理方式,5,
320,契約・実務,大規模修繕,A,責任施工方式,4,
321,契約・実務,大規模修繕,A,管理組合主導方式,193,
322,契約・実務,大規模修繕,A,修繕委員会,17,
323,契約・実務,大規模修繕,A,劣化調査,22,
324,契約・実務,大規模修繕,A,建物診断,5,
325,契約・実務,大規模修繕,A,工事請負契約,3,
326,契約・実務,大規模修繕,A,工事監理者,7,
327,契約・実務,大規模修繕,B,中性化,10,
328,契約・実務,大規模修繕,B,鉄筋腐食,3,
329,契約・実務,大規模修繕,B,タイル剥落,16,
330,契約・実務,大規模修繕,B,シーリング更新,23,
331,契約・実務,大規模修繕,B,外壁塗装,23,
332,契約・実務,大規模修繕,B,屋上防水,6,
333,契約・実務,大規模修繕,B,給排水管更新,23,
334,契約・実務,紛争処理,B,内容証明郵便,2,
335,契約・実務,紛争処理,B,督促手続,36,
336,契約・実務,紛争処理,B,少額訴訟手続,36,
337,契約・実務,紛争処理,B,通常訴訟,13,
338,契約・実務,紛争処理,B,強制執行,6,
339,契約・実務,紛争処理,B,ADR,0,
340,契約・実務,紛争処理,B,民事調停,0,
341,契約・実務,紛争処理,B,仮処分,21,
342,契約・実務,紛争処理,B,支払督促,26,
343,契約・実務,紛争処理,C,和解,0,
344,契約・実務,適正化基本方針,A,マンション管理適正化基本方針,400,
345,契約・実務,適正化基本方針,A,管理計画認定基準,3,
346,契約・実務,適正化基本方針,A,管理組合運営の原則,193,
347,契約・実務,適正化基本方針,A,長期修繕計画作成ガイドライン,84,
348,契約・実務,適正化基本方針,A,滞納管理費等の処理ガイドライン,140,
349,契約・実務,実務一般,B,外部専門家活用,17,
350,契約・実務,実務一般,B,第三者管理方式,140,
351,契約・実務,実務一般,B,高齢化への対応策,18,
352,契約・実務,実務一般,B,個人情報保護,2,
353,契約・実務,実務一般,B,居住者名簿,3,
354,契約・実務,実務一般,B,災害時要援護者,3,
355,契約・実務,実務一般,B,BCP,0,
356,契約・実務,実務一般,B,防災マニュアル,3,
357,契約・実務,実務一般,B,名簿の作成,29,
358,契約・実務,実務一般,B,名簿の使用目的,78,
359,契約・実務,実務一般,B,個人データ第三者提供,45,
360,契約・実務,実務一般,B,安全配慮義務,32,
361,契約・実務,実務一般,B,苦情対応,18,
362,契約・実務,実務一般,B,コミュニティ形成,3,
363,契約・実務,実務一般,B,プライバシー保護,11,
364,設備・その他,建築基準法,A,用途地域,19,
365,設備・その他,建築基準法,A,容積率,7,
366,設備・その他,建築基準法,A,建ぺい率,0,
367,設備・その他,建築基準法,A,防火地域,3,
368,設備・その他,建築基準法,A,準防火地域,2,
369,設備・その他,建築基準法,A,既存不適格,2,
370,設備・その他,建築基準法,A,確認申請,71,
371,設備・その他,建築基準法,A,完了検査,16,
372,設備・その他,建築基準法,A,定期報告制度,4,
373,設備・その他,建築基準法,A,特定建築物,2,
374,設備・その他,建築基準法,A,建築設備の定期検査,134,
375,設備・その他,建築基準法,A,建築物の維持保全,39,
376,設備・その他,建築基準法,B,中間検査,16,
377,設備・その他,建築基準法,B,内装制限,29,
378,設備・その他,建築基準法,B,避難施設,8,
379,設備・その他,建築基準法,B,非常用照明,3,
380,設備・その他,建築基準法,B,採光,4,
381,設備・その他,建築基準法,B,換気,5,
382,設備・その他,都市計画法,B,市街化区域,10,
383,設備・その他,都市計画法,B,市街化調整区域,15,
384,設備・その他,都市計画法,B,都市計画区域,6,
385,設備・その他,都市計画法,B,用途地域の制限,39,
386,設備・その他,都市計画法,B,地区計画,5,
387,設備・その他,建物構造,A,鉄筋コンクリート造,43,
388,設備・その他,建物構造,A,鉄骨鉄筋コンクリート造,43,
389,設備・その他,建物構造,A,鉄骨造,3,
390,設備・その他,建物構造,A,新耐震基準,15,
391,設備・その他,建物構造,A,旧耐震基準,15,
392,設備・その他,建物構造,A,耐震診断,4,
393,設備・その他,建物構造,A,耐震改修,2,
394,設備・その他,建物構造,A,耐震補強,0,
395,設備・その他,建物構造,A,免震構造,2,
396,設備・その他,建物構造,A,制震構造,31,
397,設備・その他,建物構造,A,コンクリートの中性化,43,
398,設備・その他,建物構造,B,壁式構造,31,
399,設備・その他,建物構造,B,ラーメン構造,31,
400,設備・その他,建物構造,B,アスベスト,4,
401,設備・その他,建物構造,B,ひび割れ,0,
402,設備・その他,建物構造,B,爆裂,0,
403,設備・その他,建物構造,B,タイル剥離,16,
404,設備・その他,建物構造,B,ALC,0,
405,設備・その他,建物構造,B,PC板,0,
406,設備・その他,建物構造,B,外断熱,2,
407,設備・その他,給排水,A,直結給水方式,3,
408,設備・その他,給排水,A,直結増圧方式,13,
409,設備・その他,給排水,A,高置水槽方式,3,
410,設備・その他,給排水,A,受水槽,28,
411,設備・その他,給排水,A,高置水槽,3,
412,設備・その他,給排水,A,簡易専用水道,20,
413,設備・その他,給排水,A,貯水槽水道,9,
414,設備・その他,給排水,A,排水方式,14,
415,設備・その他,給排水,A,合流式排水,14,
416,設備・その他,給排水,A,分流式排水,14,
417,設備・その他,給排水,A,トラップ,12,
418,設備・その他,給排水,A,封水,3,
419,設備・その他,給排水,A,通気管,3,
420,設備・その他,給排水,A,通気立て管,7,
421,設備・その他,給排水,A,排水立て管,14,
422,設備・その他,給排水,B,圧力タンク方式,13,
423,設備・その他,給排水,B,ポンプ直送方式,13,
424,設備・その他,給排水,B,排水横引管,14,
425,設備・その他,給排水,B,排水ヘッダー,14,
426,設備・その他,給排水,B,浄化槽,0,
427,設備・その他,電気設備,A,高圧一括受電方式,13,
428,設備・その他,電気設備,A,契約電力,33,
429,設備・その他,電気設備,A,漏電遮断器,0,
430,設備・その他,電気設備,A,配電盤,0,
431,設備・その他,電気設備,A,非常用電源,4,
432,設備・その他,電気設備,A,自家発電設備,134,
433,設備・その他,電気設備,A,蓄電池設備,134,
434,設備・その他,電気設備,A,共用部分の電気設備,153,
435,設備・その他,電気設備,B,引込線,0,
436,設備・その他,電気設備,B,太陽光発電,0,
437,設備・その他,ガス設備,B,ガス導管,0,
438,設備・その他,ガス設備,B,ガス警報器,0,
439,設備・その他,ガス設備,B,CO警報器,0,
440,設備・その他,ガス設備,B,一酸化炭素中毒対策,6,
441,設備・その他,ガス設備,B,ガスメーター,0,
442,設備・その他,防災・消防,A,消防用設備等,16,
443,設備・その他,防災・消防,A,自動火災報知設備,2,
444,設備・その他,防災・消防,A,屋内消火栓設備,134,
445,設備・その他,防災・消防,A,スプリンクラー設備,134,
446,設備・その他,防災・消防,A,誘導灯,12,
447,設備・その他,防災・消防,A,排煙設備,2,
448,設備・その他,防災・消防,A,非常用照明装置,4,
449,設備・その他,防災・消防,A,防火戸,0,
450,設備・その他,防災・消防,A,防火管理者,8,
451,設備・その他,防災・消防,A,消防計画,4,
452,設備・その他,防災・消防,A,消防用設備等の点検報告,134,
453,設備・その他,防災・消防,A,自衛消防組織,2,
454,設備・その他,防災・消防,B,連結送水管,3,
455,設備・その他,防災・消防,B,連結散水設備,134,
456,設備・その他,防災・消防,B,避難器具,3,
457,設備・その他,防災・消防,B,防火シャッター,3,
458,設備・その他,防災・消防,B,共同住宅用自動火災報知設備,134,
459,設備・その他,防災・消防,B,住宅用火災警報器,10,
460,設備・その他,防災・消防,B,防炎物品,0,
461,設備・その他,防災・消防,B,防火対象物点検報告,36,
462,設備・その他,防災・消防,B,防災備蓄,3,
463,設備・その他,換気・空調,A,第1種換気,0,
464,設備・その他,換気・空調,A,第2種換気,0,
465,設備・その他,換気・空調,A,第3種換気,0,
466,設備・その他,換気・空調,A,24時間換気,0,
467,設備・その他,換気・空調,A,シックハウス対策,6,
468,設備・その他,換気・空調,B,全熱交換器,0,
469,設備・その他,換気・空調,B,ホルムアルデヒド,0,
470,設備・その他,換気・空調,B,中央熱源方式,13,
471,設備・その他,換気・空調,B,個別熱源方式,13,
472,設備・その他,換気・空調,B,ファンコイルユニット,0,
473,設備・その他,換気・空調,B,冷媒,0,
474,設備・その他,昇降機,A,エレベーター,22,
475,設備・その他,昇降機,A,戸開走行保護装置,11,
476,設備・その他,昇降機,A,エレベーターの定期検査報告,36,
477,設備・その他,昇降機,B,昇降機定期検査,16,
478,設備・その他,昇降機,B,ロープ式エレベーター,22,
479,設備・その他,昇降機,B,油圧式エレベーター,22,
480,設備・その他,昇降機,B,機械式駐車場,10,
481,設備・その他,防犯・警備,A,防犯設計指針,17,
482,設備・その他,防犯・警備,A,警備業法,2,
483,設備・その他,防犯・警備,A,オートロック,2,
484,設備・その他,防犯・警備,A,防犯カメラ,11,
485,設備・その他,防犯・警備,B,警備員資格,5,
486,設備・その他,防犯・警備,B,機械警備,4,
487,設備・その他,防犯・警備,B,常駐警備,0,
488,設備・その他,個人情報,A,個人情報保護法,2,
489,設備・その他,個人情報,A,個人情報,13,
490,設備・その他,個人情報,A,個人データ,4,
491,設備・その他,個人情報,A,保有個人データ,4,
492,設備・その他,個人情報,A,要配慮個人情報,14,
493,設備・その他,個人情報,B,安全管理措置,140,
494,設備・その他,個人情報,B,第三者提供,3,
495,設備・その他,個人情報,B,共同利用,14,
496,設備・その他,その他法令,B,住宅瑕疵担保履行法,10,
497,設備・その他,その他法令,B,省エネ法,2,
498,設備・その他,その他法令,B,浄化槽法,0,
499,設備・その他,その他法令,B,景観法,2,
500,設備・その他,その他法令,B,廃棄物処理法,19,
501,設備・その他,その他法令,B,火災保険,3,
