freq	term
2387	本肢
1869	記述
1062	正当
571	必要
561	条第
400	マンション
265	同法第
246	区分所有法
243	重要
224	規約
207	標準管理規約
193	管理組合
192	建物
169	区分所有者
164	決議
163	民法第
153	共用部分
145	標準管理規約第
140	管理
135	専有部分
134	設備
131	管理者
118	区分所有法第
117	民法
117	関係
106	不正確
106	建替
104	請求
103	単棟型
93	登記
90	集会
84	長期修繕計画
82	理事長
81	検討
81	管理適正化法
80	総会
78	議決権
78	使用
76	令和
75	変更
74	管理士
71	確認
69	修繕積立金
68	理事会
66	組合員
62	設置
59	団地型
58	理事
56	要件
55	土地
55	影響
55	書面
53	承諾
53	管理業者
52	選任
51	監事
50	費用
49	賃貸人
46	建築基準法
45	効力
45	構成
45	第三者
45	管理適正化法第
44	敷地
43	実施
43	コンクリート
43	制度
41	管理費
41	説明
40	行為
40	業務
40	可能
40	管理業務主任者
39	建築物
39	用途
39	共同住宅
38	賃借人
38	設定
38	占有者
37	過半数
37	不要
37	権利
37	標準的
37	管理実務
36	手続
36	団体
36	報告
35	全員
35	所有権
35	判例
35	見直
34	通知
34	解除
34	登録
34	複合用途型
33	当然
33	持分
33	契約
33	有効
33	コメント
33	万円
33	重要事項
33	法令又
32	義務
32	確保
32	職務
32	会計
31	招集
31	記載
31	取得
31	対抗
31	承認
31	工事
31	負担
31	支出
31	構造
30	区分所有者及
30	敷地利用権
30	建築基準法施行令第
30	出席
30	各棟
30	基本
29	区分所有者全員
29	共有
29	申請
29	同意
29	制限
29	閲覧
29	計上
29	作成
29	特別多数決議
28	部分
28	管理組合法人
28	多数
28	行使
28	管理費等
28	該当
28	割合
28	被災
28	受水槽
28	代理人
27	関与
27	会議
27	役員
27	面積
27	集会決議
26	支払
26	区別
26	各共有者
26	区分建物
26	保存行為
26	認定
25	成立
25	招集通知
25	項第
25	各区分所有者
25	組合
25	方法
25	管理者等
25	保管
25	ルール
25	責任
25	年度
24	別段
24	原因
24	利益
24	未収金
24	電磁的方法
24	漏水
24	細則
23	賃借権
23	床面積
23	更新
23	修繕工事
23	外壁
23	点検
22	団地管理組合
22	賛成
22	所有者
22	自己
22	敷地権
22	エレベーター
22	相手方
22	正味財産
22	劣化
22	契約不適合
21	禁止
21	都市計画法第
21	建築基準法第
21	水道法第
21	調査
21	標準管理委託契約書
21	管理事務
21	表示
21	処分
21	管理計画
21	監査
20	附属施設
20	譲渡
20	議事録
20	特別
20	明確
20	事務所
20	簡易専用水道
20	住戸
20	団地全体
20	月分
20	大規模修繕工事
20	区分所有者等
20	自由
20	シーリング
20	定期的
19	滅失
19	復旧
19	説明会
19	抵当権
19	用途地域
19	都市計画法
19	処理
19	現金預金
19	交付
19	時効
18	期間
18	開催
18	締結
18	転貸
18	適正
18	普通決議
18	一般的
18	提示
18	一定
18	議案
18	弁済
18	対応
18	役割
18	方針
18	外部収入
17	先取特権
17	賃貸
17	事情
17	修繕
17	競売請求
17	適合
17	防犯設計指針
17	整理
17	可能性
17	権限
17	委託
17	棟総会
17	団地総会
17	システム
17	外部専門家
17	引渡
17	合意
17	財産状況
17	区分経理
16	法第
16	消滅
16	条件
16	設置者
16	検査
16	バルコニー
16	仕訳
16	タイル
16	程度
16	時期
16	考慮
16	区域
16	充当
16	消費税
16	消防用設備等
16	重要事項説明
16	管理組合実務
15	移転
15	一部共用部分
15	団地共用部分
15	措置
15	主張
15	提供
15	経過
15	等円滑化法
15	市街化調整区域
15	理事会決議
15	正確
15	ガイドライン
15	基準
15	管理受託契約
15	団地
15	配偶者
15	提出
15	計画
15	認定基準
15	議決権行使
15	法律
15	予算
14	形状
14	財産
14	見込
14	義務付
14	無効
14	損害
14	無償
14	見通
14	配慮
14	届出
14	各過半数
14	総会提出議案
14	通常総会
14	本人
14	未払金
14	利用
14	排水
14	分離処分
14	区分所有建物
14	使用方法
14	協議
14	相続人
14	取消
14	建築確認
14	共用部分等
14	基本的
14	安全
14	敷地面積
13	効用
13	定数
13	代理
13	状況
13	持分割合
13	善意
13	不動産登記法第
13	階建
13	設置義務
13	規約変更
13	発生
13	意見
13	貸方
13	居室
13	名称
13	事務
13	不法行為責任
13	通常
13	過失
13	対抗要件
13	議長
13	方式
13	法定共用部分
13	議決権行使書
13	建蔽率
13	使用禁止請求
13	団体成立
13	個人情報
13	代表者
12	目的物
12	趣旨
12	記録
12	遺産分割
12	明渡
12	催告
12	誘導灯
12	消防法
12	毎年
12	月以内
12	遅滞
12	閲覧請求
12	前受金
12	借方
12	管理費収入
12	施工会社
12	配置
12	トラップ
12	追完請求
12	同居
12	使用細則
12	総会決議
12	管理所有
12	所有
12	建替組合
12	解任
12	専用使用権
12	明確化
12	代理権
11	共用
11	所在
11	存在
11	議決権行使者
11	委任
11	共同
11	復旧決議
11	月前
11	参加
11	場所
11	終了
11	相続
11	保護
11	債務
11	同一
11	防犯
11	観点
11	発生主義
11	増加
11	長期修繕計画作成
11	維持
11	鉄筋
11	排水管
11	排水立
11	注意
11	管理業務主任者証
11	資料
11	共有物
11	要領
11	配偶者居住権
11	利害関係
11	単独
11	有無
11	遺贈
11	遵守
11	団地修繕積立金
11	運営
11	要因
11	管理規約
11	使用収益
11	意思
11	管理不全
11	円滑
11	更新時
11	分別管理
11	維持管理
11	最低基準
11	契約内容
11	業務内容
11	税務
10	区分所有権
10	年以内
10	一体
10	利害
10	混同
10	共有者
10	特定
10	回収
10	特定承継人
10	大規模滅失
10	履行
10	限定
10	保証契約
10	意思表示
10	請負契約
10	売却
10	市街化区域
10	消防法施行令第
10	カメラ
10	居住者
10	条コメント
10	部会
10	事前
10	中性化
10	測定
10	試験
10	住宅
10	工法
10	利害関係人
10	ルクス
10	事故
10	エネルギー
10	規模
10	管理業
10	日前
10	調整
10	規約共用部分
10	敷地共有者等
10	共同生活
10	駐車場
10	複数
10	名称使用
10	正当事由
10	清掃
10	徴収
10	密接
10	重要書類
10	厳格
10	附属施設管理
10	工作物責任
9	通路
9	他人
9	売主
9	実際
9	貯水槽水道
9	水道法
9	改修
9	修繕等
9	配管
9	就任
9	合意形成
9	保険料
9	減少
9	管理費会計
9	機能
9	現象
9	接続
9	管理費用
9	帳簿
9	法定
9	廃止
9	敷地及
9	法人
9	不動産
9	障害
9	昇降機
9	全体
9	書面等
9	入金
9	定義
9	計画期間
9	基礎
9	廊下
9	分離
9	代表
9	数人
9	詐欺
9	年以上
9	資格者
9	資金
9	提起
9	ポンプ
9	回以上
9	リスク
9	意思決定機関
9	反対者
9	決算
9	防水性
9	書面又
9	利害調整
9	重要事項説明時
9	漏水原因
9	衛生管理
9	規約変更等
8	分割
8	債権
8	承認決議
8	議決権及
8	持分価格
8	借地借家法第
8	帰属
8	立場
8	等円滑化法第
8	権利変換計画
8	整備
8	位置
8	有効容量
8	避難
8	防犯指針
8	親族
8	再委託
8	収益
8	前払金
8	修繕費
8	表面
8	内部
8	保守点検
8	従前
8	受任者
8	使用禁止
8	期間内
8	極度額
8	規制
8	賃貸借
8	補修
8	防火管理者
8	外部
8	被告
8	期間満了
8	放棄
8	給水
8	警備業法第
8	同ガイドライン
8	設計
8	収支状況
8	建物管理
8	損害賠償
8	費用負担
8	規約改正
8	不正行為等
8	解任請求
8	相続財産
8	階段室
8	活用
8	保守
8	法令
8	性質
8	登録制度
8	計画修繕等
8	建築面積
8	法定事項
8	収入
8	建替事業
8	床面積割合
8	棟別
8	確認事項
8	建築制限
8	長期
8	管理者選任
8	用途別
8	共有物全部
8	工事請負
8	事前準備
7	任期
7	建物及
7	項後段
7	被担保債権
7	敷金
7	受領
7	団地建物所有者
7	不動産登記法
7	競売
7	掲示
7	形式
7	電磁的記録
7	死亡
7	地位
7	保証債務
7	決定
7	改正
7	容積率
7	地方公共団体
7	都道府県知事
7	周囲
7	緊急
7	副理事長
7	困難
7	当該棟
7	基幹事務
7	修繕積立金会計
7	剥落
7	工事監理者
7	共用廊下
7	各住戸
7	屋外
7	通気立
7	付着物
7	国土交通大臣
7	担保
7	表題部所有者
7	表題登記
7	表題部
7	階段
7	居住
7	照明設備
7	床面
7	一親等
7	駐車場使用料
7	屋上
7	敷地内
7	日以内
7	原告
7	訴訟
7	管理所有者
7	週間前
7	法定利率
7	滞納
7	登記名義人
7	防炎性能
7	店舗
7	不足
7	地階
7	軽微変更
7	停止等
7	管理事項
7	団地規約
7	占有
7	号室
7	状態
7	同等
7	費目
7	記名
7	共同生活上
7	会議目的
7	継続的
7	建物賃貸借
7	更新拒絶
7	建築基準関係規定
7	受水槽方式
7	用途等
7	専有部分工事
7	無関係
7	機械設備
7	報告体制
7	管理対象
7	法人化
7	業務執行
7	団地特有
7	棟別管理
7	土地工作物責任
7	管理組合財産
7	場面
7	役立
7	改定
7	私的支出
7	特別多数
7	秘密保持義務
7	収益事業該当性
7	外部取引
7	組合資金
7	個人資金
7	市街化抑制区域
7	実施主体
7	排水管劣化
7	防災対応
7	決算等
6	強行規定
6	範囲内
6	債務者
6	反対
6	一人
6	執行
6	違反
6	賃貸借契約
6	保証人
6	時効消滅
6	同様
6	請負
6	仕事
6	着手
6	期限
6	水道事業者
6	指導
6	定期
6	消防法第
6	計画修繕
6	議決権総数
6	給水管
6	年間
6	定足数
6	拒否
6	腐食
6	防止
6	対策
6	除去
6	停電時
6	同指針
6	関係者
6	裁判所
6	事由
6	保管者
6	両方
6	委任状
6	改正民法
6	軽微
6	一切
6	直接
6	共用玄関
6	全体修繕積立金
6	各棟修繕積立金
6	組合員名簿
6	把握
6	屋上防水
6	高層
6	階以内
6	講習
6	助言
6	乙地
6	賃借
6	議事
6	回答
6	強迫
6	都市計画区域
6	警備業務
6	理事及
6	使用料
6	年度分
6	収益事業
6	課税対象
6	施工
6	水道法施行規則第
6	取替
6	認定管理者等
6	書面交付
6	一括建替
6	不法行為
6	事業計画
6	工夫
6	安全性
6	管理事務報告
6	具体的
6	定期点検
6	財産状態
6	規約又
6	耐震性不足等
6	全員同意
6	管理計画認定制度
6	用途制限
6	事業報告
6	主任者証
6	物理的区画
6	集会招集義務
6	行為停止等請求
6	団地建物所有者全員
6	救済手段
6	建物外壁
6	信用保持義務
6	専任主任者設置
6	主任者証提示
6	認定後
6	条件確認
6	再委託時
6	内部負担金
6	漏水等
6	避難誘導
6	屋上防水劣化
6	外壁劣化
6	落下
6	敷地権登記
6	仕事完成
6	報酬支払
5	附属
5	同項
5	要求
5	緩和
5	賃料
5	承継
5	条以下
5	移転登記
5	双方
5	支払義務
5	建築
5	招集者
5	売却決議
5	公正証書
5	完成
5	利益相反
5	議決
5	起算
5	供給
5	水槽
5	勧告
5	地上
5	設置不要
5	管理員室
5	特別決議
5	書面決議
5	不正
5	緊急時
5	管理会社
5	前年度
5	翌年度
5	推定修繕工事
5	アルカリ
5	コア抜
5	設計監理方式
5	加入
5	住棟
5	独立
5	鉄骨鉄筋
5	仕上
5	スペース
5	促進
5	合計
5	シックハウス
5	ポリエチレン
5	経理
5	保存
5	適正化
5	合格
5	所在地
5	情報
5	確定
5	拒絶
5	債権者
5	買主
5	代金減額請求
5	種類
5	敷地売却組合
5	水質検査
5	定期検査
5	平均水平面照度
5	項コメント
5	誓約書
5	表現
5	項準用
5	欠席
5	防水
5	推定
5	選定
5	当事者
5	バリアフリー
5	排気
5	以内
5	掃除口
5	管径
5	空気
5	換気設備
5	上昇
5	有効期間
5	主体
5	相談
5	丙地
5	分離処分禁止
5	再建決議
5	完成猶予
5	遅延損害金
5	区分
5	地区計画
5	計画的
5	消防法施行規則第
5	資格
5	都道府県
5	会計担当理事
5	排除
5	万円減少
5	変動
5	法人税
5	万円以下
5	抑制
5	方位
5	プライバシー
5	管理士登録証
5	契約期間
5	敷地共有者等集会
5	公示
5	一方
5	成立要件
5	定期建物賃貸借
5	代金
5	条等
5	敷地売却決議
5	収支
5	建物診断
5	下地
5	雨水
5	アスファルト
5	推奨
5	策定
5	重要事項説明等
5	即時取得
5	損害賠償請求
5	使用貸借
5	必要性
5	転借人
5	相続登記
5	不参加者
5	劣化状況
5	建築物省
5	毎月
5	管理又
5	市街化
5	年度運営
5	共同利益
5	重要資料
5	検討資料
5	重要議案
5	専用使用部分
5	修繕計画
5	管理組合運営
5	意思決定
5	規約設定前
5	強行法規等
5	自由処分権
5	未収金管理
5	予備費
5	権利調整手続
4	特段
4	売渡請求
4	売買契約
4	問題文
4	準用
4	損害保険契約
4	保険金額
4	請求及
4	解散
4	重大
4	滞納管理費等
4	同条
4	小規模滅失
4	賛否
4	団地内建物
4	特約
4	同条第
4	二重譲渡
4	賠償
4	同時
4	注文者
4	特別代理人
4	家庭裁判所
4	担保権
4	仮登記
4	当該土地
4	準都市計画区域
4	区画
4	機関
4	容易
4	必須
4	階数
4	計画修繕工事
4	向上
4	改良工事
4	ポップアウト
4	骨材反応
4	エフロレッセンス
4	カルシウム
4	塗装
4	赤外線
4	採取
4	施工者
4	地震力
4	駐車
4	逆流防止
4	屋内
4	空間
4	臭気
4	耐食性
4	透明性
4	秘密
4	大規模修繕
4	工作物
4	共有持分
4	集会招集通知
4	停止
4	決議要件
4	議決権割合
4	会日
4	借地借家法
4	不動産登記
4	対抗力
4	個人
4	所有権保存登記
4	変更登記
4	人以上
4	人数
4	採光
4	非常用
4	結果
4	指示
4	罰金
4	指定
4	管理義務
4	消防計画
4	詳細
4	玄関扉
4	前提
4	臨時総会
4	総会議事録
4	会計帳簿
4	理事全員
4	専門委員会
4	滞納額
4	診断
4	変化
4	耐久性
4	年程度
4	回含
4	期間以上
4	工事内容
4	地震
4	計算
4	一体的
4	評価
4	断熱性能
4	使用水量
4	給水立
4	モルタル
4	機械
4	能力
4	登録講習機関
4	登録証
4	一員
4	有効期間満了
4	専門的知識
4	消滅時効
4	都市計画
4	保全
4	道路
4	開発
4	カーテン
4	開始
4	警備業者
4	ペット
4	飼育
4	役職
4	店舗部分
4	修繕工事費
4	年度中
4	区分所有者以外
4	同一条件
4	消費税法第
4	課税売上高
4	断定
4	責任施工方式
4	給排水管
4	法令上
4	直通階段
4	総合点検
4	助言等
4	善良
4	団地内
4	回以上含
4	撤去
4	塩化物
4	イオン
4	電磁波
4	レーダ
4	登録取消
4	目標
4	適正化基本方針
4	管理適正化推進計画
4	都道府県等
4	都道府県知事等
4	請求権
4	借主
4	損害及
4	加害者
4	日経過時
4	合意者
4	金額
4	一致
4	将来
4	タッピングマシン
4	震度
4	被災区分所有法
4	委任事務
4	仕様
4	仕様書
4	用方
4	故意又
4	管理委託契約
4	担保物権
4	工事費
4	経年劣化
4	アスベスト
4	含有建材
4	法律上当然
4	権利関係
4	法令適合性
4	総会決議事項
4	更新手続
4	分別管理規制
4	規約整備
4	税務検討
4	定期報告制度
4	規約事項
4	回招集
4	敷地売却制度等
4	対象者
3	駐車場等
3	土地以外
3	区分所有権及
3	週間以内
3	決議事項
3	分担
3	区分所有者集会
3	口頭
3	被相続人
3	先後
3	保証
3	継続
3	損害賠償債務
3	履行義務
3	請負人
3	修補
3	組合員以外
3	認可申請
3	市街地
3	壁面
3	住居
3	防火地域
3	準防火地域内
3	供給規程
3	スプリンクラー
3	階以上
3	防炎対象物品
3	主要構造部
3	申請者
3	大規模
3	役員資格
3	代行
3	補欠
3	組合員総数
3	個人情報保護法第
3	生命
3	第三者提供
3	閲覧請求権者
3	調査費用
3	解約
3	一括
3	計上漏
3	現金
3	全額
3	均等積立方式
3	補修工事
3	診断結果
3	白華
3	水分
3	反応
3	移動
3	紫外線
3	中性化深
3	保険
3	自主検査
3	両側
3	タウンハウス
3	経済性
3	鉄骨
3	固定荷重
3	分類
3	平面駐車場
3	高齢者
3	傾斜路
3	勾配
3	避難階段
3	排水口空間
3	特殊継手排水
3	管内
3	洗面器
3	封水
3	換気回数
3	圧縮空気法
3	排水管清掃
3	閉塞
3	排水管内
3	圧縮空気
3	放出
3	衝撃
3	耐熱性
3	帳票類
3	区分所有者等全員
3	他マンション
3	連帯
3	民法上
3	前払
3	実行
3	建物内
3	保管場所
3	解散事由
3	甲マンション
3	省略
3	申立
3	時価
3	判定
3	甲棟
3	表見代理
3	無過失
3	追認
3	旧民法
3	日施行
3	不適合
3	根拠
3	相当
3	帰責事由
3	同時履行
3	設問
3	死因贈与
3	新築
3	承継法人
3	名称中
3	文字
3	特定行政庁
3	給水栓
3	異常
3	統括防火管理者
3	統括
3	建物内部
3	道路等
3	動線
3	集中
3	駐車場使用契約
3	専用使用料
3	費用等
3	代替
3	満了
3	代理出席
3	利益相反取引
3	課題
3	中断
3	室内
3	工事請負契約
3	発注者
3	遮音性能
3	熱伝導率
3	一次
3	消費量
3	給水設備
3	高置水槽方式
3	高置水槽
3	結合通気管
3	繊維
3	算出
3	熱交換型換気扇
3	給気
3	種機械換気設備
3	都市
3	ガス給湯器
3	専任
3	企画
3	各自
3	共有物分割請求権
3	自体
3	最初
3	法務省令
3	週間
3	不可能
3	一団地内
3	取消権者
3	事実
3	悪意
3	猶予
3	両者
3	月末日
3	支払期限
3	利率
3	優先
3	時効更新
3	必要費
3	償還
3	敷地等
3	区域区分
3	周知
3	需要
3	都道府県公安委員会
3	警備業
3	当該工事
3	監事全員
3	通知期間
3	シャッター
3	破損
3	住宅部分
3	万円増加
3	現金化
3	収益計上
3	基準期間
3	納税義務
3	免除
3	増額
3	エレベーターホール
3	熱貫流率
3	開口部
3	片廊下型
3	良好
3	勾配基準
3	連結送水管
3	屋内駐車場
3	泡消火設備
3	吸収
3	管理組合等
3	金銭
3	保管口座
3	修繕積立金等
3	指導等
3	単独所有
3	要領通知
3	団地管理規約
3	錯誤取消
3	所有権移転登記
3	経由
3	解除前
3	許可
3	年前
3	登記記録
3	不燃材料
3	掃除
3	点検結果
3	軽減
3	防災
3	修繕費用
3	出席組合員
3	委任者
3	理事会限
3	精度
3	調査方法
3	耐候性
3	防水層
3	シュミットハンマー
3	避難器具
3	高圧
3	専有部分内
3	機械換気設備
3	信用失墜行為
3	是正
3	法的措置
3	管理計画認定
3	協力
3	居住者名簿
3	区分所有者等及
3	項等
3	規約等
3	招集請求
3	全部滅失後
3	絵画
3	盗難
3	返還
3	手付
3	債務不履行
3	貸主
3	窓ガラス
3	損害賠償請求権
3	権利行使
3	一般
3	設立
3	解錠
3	一定期間
3	防災訓練
3	立入
3	欠格事由
3	規約改正不要
3	万円少
3	証明書
3	算定
3	不快感
3	省エネ基準
3	低減
3	建築設備設計基準
3	併設
3	形成
3	買取指定者
3	転貸人
3	清算人
3	相続財産清算人
3	登記申請
3	通報
3	決議後
3	放置
3	施設
3	慎重
3	体制
3	不具合
3	義務化
3	図面
3	縮尺
3	エネ法第
3	算入
3	設置後
3	故障
3	変更等
3	管理計画認定基準
3	返済計画
3	業務範囲
3	変更又
3	設定等
3	直結給水方式
3	管理関係
3	安全確保
3	遵守義務
3	監査結果
3	会計処理
3	契約条件
3	雨水浸入
3	鉄筋腐食
3	周辺
3	非常用照明
3	飲料水
3	構造上当然
3	課税関係
3	共同管理
3	安全性確保
3	劣化診断
3	防犯対策
3	災害時
3	情報共有
3	災害対応
3	規約設定
3	通知事項
3	迷惑防止
3	管理上
3	管理不備
3	責任問題
3	成年者
3	委託後
3	目的別
3	借入
3	資料提示
3	共同生活秩序
3	訴訟追行権
3	行為停止等
3	事務執行
3	制約
3	管理水準
3	集会開催
3	将来工事
3	事務報告義務
3	所有者確認
3	相互間事項
3	不動産物権変動
3	敷地権登記等
3	積立金
3	雨水浸入防止
3	建物価格
3	建物賃借権
3	資金管理
3	内部統制
3	基本的業務
3	消防用設備
2	規約敷地
2	共用部分以外
2	動産
2	権利義務関係
2	旧賃借人
2	新賃貸人
2	当該一部共用部分
2	全員規約
2	団地管理組合法人
2	条準用
2	団地建物所有者及
2	抵当権者
2	長期滞納
2	支障
2	回収可能性
2	前区分所有者
2	買受人
2	項本文
2	取壊
2	要請
2	定期建物賃貸借契約
2	贈与
2	各当事者
2	生前
2	遺産分割後
2	遺産分割協議後
2	遅延
2	連帯保証人
2	抗弁権
2	賃料債務
2	附従性
2	反対解釈
2	売買
2	報酬
2	破産手続開始
2	月施行
2	過分
2	親権者
2	相反
2	利益相反行為
2	目的等
2	登記後
2	登記原因
2	当時
2	施行
2	権利者
2	権利変換期日後
2	翌日
2	地区
2	配分
2	利便性
2	誘導
2	第一種中高層住居専用地域
2	高度地区
2	適用除外
2	耐火建築物
2	防火壁
2	混在
2	準防火地域
2	排煙設備
2	水道
2	助言及
2	厚生労働大臣
2	住戸内
2	防犯上
2	不審者
2	侵入
2	意向
2	管理体制等
2	承認申請
2	添付
2	間取
2	枝管
2	取崩
2	組合員総数及
2	更新工事
2	理事長及
2	兼任
2	転出
2	後任
2	時点
2	出席理事
2	可決
2	規約違反行為
2	是正等
2	勧告等
2	個人情報保護法
2	身体
2	集会所
2	外壁補修
2	申入
2	義務違反行為
2	資産
2	完了
2	残額
2	修正仕訳
2	駐車場使用料収入
2	収支予算
2	上乗
2	余剰
2	繰入
2	新築時
2	法定点検等
2	点検及
2	経常的
2	目安
2	局部的
2	膨張
2	成分
2	二酸化炭素
2	炭酸
2	硬化
2	打設
2	プルオフ
2	付着強度試験
2	塗材
2	赤外線調査
2	サンプル
2	フェノールフタレイン
2	変色
2	仮設計画
2	建設業者
2	瑕疵保険
2	中央部
2	共用廊下等
2	集約
2	アプローチ
2	中廊下型
2	耐震改修
2	既存建築物
2	免震装置
2	躯体
2	重量
2	固定
2	積載荷重
2	台当
2	障害者等
2	移動等
2	円滑化
2	出口
2	幅員
2	衛生上
2	垂直距離
2	躯体面
2	天井面
2	底部
2	マンホール
2	以上立
2	ソベントシステム
2	特殊
2	継手
2	仕組
2	サイフォン
2	作用
2	雨水排水管
2	高温
2	ビニル
2	水道用架橋
2	水道用
2	ポリブテン
2	地震時等管制運転装置
2	予備電源
2	管理適正化指針
2	開示
2	視野
2	管理業務
2	発注等
2	利益相反等
2	管理適正化推進
2	センター
2	推進
2	支援
2	管理士試験
2	損害賠償責任
2	損害発生防止
2	施工不良
2	建物並
2	元区分所有者
2	買取
2	多数決決議
2	配偶者居住権者
2	固定資産税
2	任意
2	区分所有関係
2	復旧工事
2	団地内建物所有者
2	全区分所有者
2	短縮
2	借地権設定者
2	別途
2	行為等
2	公信力
2	転売
2	無権代理行為
2	収取
2	前後
2	根保証契約
2	情報提供
2	賃貸借終了後
2	権利義務
2	共有建物
2	不可
2	合併
2	一概
2	互選
2	定款
2	第二種中高層住居専用地域
2	第一種住居地域
2	第二種住居地域
2	準住居地域
2	工業地域
2	第二種低層住居専用地域
2	中間
2	両方正解
2	管理権原者
2	導入
2	共用階段
2	窓等
2	規約及
2	住宅一部修繕積立金
2	店舗前面敷地
2	関連
2	号等
2	当初
2	附属書類
2	事態
2	組合員全員
2	議決要件
2	構成員
2	収益計上済
2	分析
2	当期収支差額
2	千円増加
2	千円
2	前期繰越収支差額
2	収支報告書
2	貸借対照表
2	簡易診断
2	差異
2	非破壊試験
2	寸法
2	健全性
2	調査結果
2	サッシ
2	チョーキング
2	粉末状
2	白亜化
2	収縮
2	破壊
2	賃貸化率
2	修繕積立金滞納率
2	工事請負契約書
2	屋根
2	ダンパー
2	耐力壁
2	窓サッシ
2	熱伝導抵抗
2	熱抵抗
2	材料
2	消費性能基準
2	設備機器
2	既存
2	スケルトン
2	インフィル
2	人当
2	設計値
2	水道直結増圧方式
2	頂部
2	地震時
2	下層階
2	埋設
2	排水横管
2	延長
2	被覆
2	ガス機器
2	台所
2	比例
2	熱損失
2	流量
2	名義
2	一棟
2	居住用専有部分
2	名以上
2	当該建物
2	使用停止
2	返納
2	十分
2	反映
2	指針
2	十分認識
2	積極的
2	専門家
2	監視等
2	監視
2	監督
2	措置等
2	業務運営
2	援助
2	収入及
2	組織
2	準共有者
2	専有部分以外
2	代表理事
2	一般社団法人及
2	一般財団法人
2	法律第
2	同第
2	一筆
2	区分所有者相互間
2	一部滅失後
2	期間中
2	時効完成猶予
2	起算点
2	通知到達後
2	時効期間
2	所有権取得
2	民法改正後
2	援用
2	原状回復義務
2	権利変換期日後遅滞
2	補償金
2	マスタープラン
2	避雷設備
2	照明装置
2	回以上定期
2	水質基準
2	健康
2	水道技術管理者
2	消防署長
2	権原
2	甲種防火管理者
2	収容人員
2	市町村
2	管轄
2	届出書
2	警備業法
2	騒音等
2	不承認
2	不明
2	送付
2	監事自
2	秩序
2	予定
2	訴訟提起
2	広告
2	住宅一部共用部分
2	費用計上
2	携帯電話基地局設置
2	法人税法施行令第
2	公益法人等
2	税率
2	概算費用等
2	初期
2	段階
2	一級建築士
2	費用内訳
2	部分的
2	積立
2	多額
2	留意
2	仮設費
2	低層
2	傾向
2	架橋
2	管等
2	出入口
2	最低
2	照度基準
2	採光補正係数
2	計算方法
2	振動
2	通風
2	排水横主管
2	一種
2	乾式
2	土砂
2	電気
2	修了証
2	実施方法
2	拡大
2	固有財産及
2	分別
2	印鑑等
2	口座
2	名義人
2	禁止規定
2	亡失
2	再交付申請中
2	金銭的損害
2	依頼
2	附属物
2	注意義務違反
2	回一定
2	認識
2	技術
2	証明
2	通知先
2	弁明
2	機会
2	政令指定災害
2	政令施行日
2	所在不明
2	公示送達
2	建物等
2	法律行為
2	解釈上
2	贈与契約
2	諾成契約
2	地上権
2	敷地権付
2	特定要除却認定
2	除却
2	分割実施敷地持分
2	準工業地域
2	再開発等促進区
2	確実
2	特定建築物
2	改築
2	残留塩素
2	大腸菌
2	清掃等
2	共用設備
2	実施可能
2	拠出
2	敷地売却
2	器材購入費用
2	日時
2	アクセス
2	請求者
2	表明
2	追行
2	防水工事
2	住宅部会
2	認定申請
2	比較収支報告書
2	余剰金
2	ガラス
2	ウレタン
2	系シーリング材
2	金属
2	既存防水層
2	日常的
2	採用
2	屋上等
2	汚染
2	使用箇所
2	粉末
2	強度
2	テストハンマー
2	鉄筋位置
2	駐輪場
2	所定
2	避難経路
2	トイレ
2	比較
2	進行
2	ポイント
2	段差
2	踊場
2	最上部
2	最下部及
2	途中階
2	高圧洗浄法
2	噴射
2	分岐管
2	直送方式
2	シャワー
2	給水圧力
2	上限値
2	最小勾配
2	新築分譲
2	言及
2	町村
2	関係地方公共団体
2	計画作成都道府県知事等
2	推進計画
2	代表権
2	不当利得返還請求権
2	決議等
2	掲示義務
2	売渡請求権
2	善意無過失
2	現実
2	立証
2	被害者
2	返還請求
2	詐害行為
2	詐害行為取消権
2	別途行
2	解約手付
2	手付金
2	修繕義務
2	事務管理者
2	事務管理
2	人身傷害
2	年後
2	物損
2	優先順位
2	民事執行法第
2	人以上共同
2	定款及
2	地区整備計画
2	施錠装置
2	保存期間
2	項目
2	政令
2	基準以上
2	近接
2	集会所等
2	事前承認
2	維持修繕
2	当該区分所有者
2	断熱性向上
2	宅地建物取引業者
2	選任方法
2	委託契約
2	制定
2	当該管理士
2	パスワード
2	署名
2	対応可能
2	滞納金回収
2	敷地内通路
2	自動引
2	帳簿残高
2	帳簿上
2	居住環境
2	経済的
2	推定修繕工事費
2	単価
2	クラックスケール
2	機器
2	打診
2	耐震基準
2	構造方式
2	鋼管
2	外側
2	消費性能
2	事業者
2	管ヘッダー工法
2	排水横枝管
2	不向
2	複雑
2	台所流
2	間隔
2	給排気
2	調査実施
2	コミュニティ
2	当該管理組合
2	専用使用権者
2	合理性
2	動産保存
2	差止
2	場合等
2	区分所有者本人
2	賃借人等
2	善管注意義務
2	受領遅滞後
2	履行不能
2	契約上
2	土地工作物
2	原賃貸借
2	本旨
2	以上等
2	価格
2	総組合員
2	公告
2	縦覧
2	順序
2	地域地区
2	用途地域内
2	避難口
2	消防機関
2	配置計画等
2	帰属意識
2	接近
2	同居配偶者
2	スロープ
2	取引
2	機械式立体駐車場
2	近隣住民
2	規約違反
2	以上及
2	清掃費
2	対価性
2	駐輪場使用料
2	使途
2	品質管理
2	現場代理人
2	チェックポイント
2	アフターサービス
2	仕上材料
2	電磁誘導装置
2	外断熱
2	表面結露
2	室内側
2	防湿層
2	増築
2	エネ法
2	所管行政庁
2	平成
2	排水設備
2	安全対策
2	ディスポーザ
2	雑排水
2	機器点検
2	契約方式
2	安全装置
2	最終年度
2	借入金
2	残高
2	月以上
2	手段
2	決議要件等
2	伸縮
2	時効完成後
2	無過失責任
2	契約書
2	通帳
2	同時保管
2	管理戸数
2	喪失
2	オートロック
2	相談対応
2	立会
2	法的手続
2	特記仕様書
2	追従性
2	設計監理者
2	免震構造
2	変形
2	大地震
2	不算入
2	第一種
2	管理状況
2	一定要件
2	界壁
2	小屋裏
2	隣接
2	アクリル
2	容量
2	自動火災報知設備
2	客観的
2	専任管理業務主任者
2	収納口座
2	建物又
2	一切定
2	議決権数
2	執行及
2	経費
2	追完
2	物権
2	当事者間
2	別々
2	委託業務費
2	預金残高
2	法的手段
2	地域
2	水道本管
2	一切不要
2	火災時
2	一切適用
2	審議
2	財産保全
2	資金保全
2	処理状況
2	報告不要
2	業務実施状況
2	階数等
2	事業
2	戸建住宅
2	工事監理
2	防水改修
2	悪臭
2	排水不良
2	経年
2	定期検査報告制度
2	保守契約
2	形状又
2	破棄
2	貸与
2	公平性
2	時効完成前
2	一切負
2	業務上知
2	秘密保持
2	規律
2	審査
2	専門業者
2	委託範囲
2	一切無関係
2	落下事故
2	美観
2	ドレン
2	滞水
2	収容人員等
2	防火管理
2	初期消火
2	管理不良
2	自由処分
2	全員一致
2	権利部
2	賃借物
2	使用及
2	隣地
2	通行
2	参考
2	税務上
2	預金
2	保護範囲
2	預金管理
2	建築設備
2	規模等
2	湿気
2	結露防止
2	部品交換
2	鉄部
2	個人情報保護
2	要件確認
2	各棟固有
2	要領及
2	共用部分利用
2	届出等
2	催告解除
2	基本的内容
2	登録業者
2	適正確保
2	住環境
2	基本的職務
2	都市計画区域内等
2	総合的
2	住戸内作業
2	映像
2	公開
2	毎日自由
2	適正管理
2	契約事項
2	開発行為
2	要素
2	植栽
2	景観
2	契約類型
2	講習制度
2	登録後
2	頻度
2	委託費
2	建築物等
2	共用部分全体
2	法定要件
2	管理費等負担
2	使用態様
2	追完請求等
2	無断譲渡
2	財産処分権限
2	取引内容
2	防火地域等
2	防火上
2	防災備蓄品
2	専有部分化
2	規約上
2	複数棟
2	負担整理
2	外壁落下
2	専任主任者
2	売渡請求制度
2	各棟管理
2	予算等
2	不動産売買
2	重要事項説明制度
2	避難安全
2	売却権限
2	訴訟追行
2	管理制約
2	準備
2	事故状況
2	説明等
